{
    "rf": {
        "roc_auc": 0.9989264347209773,
        "pr_auc": 0.9919110379051138,
        "f1_score": 0.9536423841059603,
        "precision": 0.972972972972973,
        "recall": 0.935064935064935,
        "brier_score": 0.009545285714285713
    },
    "gb": {
        "roc_auc": 0.9985199391298908,
        "pr_auc": 0.9907187985793061,
        "f1_score": 0.9668874172185431,
        "precision": 0.9864864864864865,
        "recall": 0.948051948051948,
        "brier_score": 0.007324571948301149
    },
    "lr": {
        "roc_auc": 0.9996039273727877,
        "pr_auc": 0.9967330084088332,
        "f1_score": 0.987012987012987,
        "precision": 0.987012987012987,
        "recall": 0.987012987012987,
        "brier_score": 0.00481781802845626
    }
}