{
    "rf": {
        "cost_optimized": {
            "threshold": 0.131,
            "tn": 599,
            "fp": 24,
            "fn": 0,
            "tp": 77,
            "precision": 0.7623762376237624,
            "recall": 1.0,
            "f1_score": 0.8651685393258427,
            "model_cost": 19200,
            "base_cost": 1925000,
            "savings": 1905800
        },
        "balanced_f1": {
            "threshold": 0.371,
            "tn": 619,
            "fp": 4,
            "fn": 2,
            "tp": 75,
            "precision": 0.9493670886075949,
            "recall": 0.974025974025974,
            "f1_score": 0.9615384615384615,
            "model_cost": 53200,
            "base_cost": 1925000,
            "savings": 1871800
        },
        "high_security": {
            "threshold": 0.40900000000000003,
            "tn": 620,
            "fp": 3,
            "fn": 3,
            "tp": 74,
            "precision": 0.961038961038961,
            "recall": 0.961038961038961,
            "f1_score": 0.961038961038961,
            "model_cost": 77400,
            "base_cost": 1925000,
            "savings": 1847600
        },
        "low_friction": {
            "threshold": 0.401,
            "tn": 620,
            "fp": 3,
            "fn": 3,
            "tp": 74,
            "precision": 0.961038961038961,
            "recall": 0.961038961038961,
            "f1_score": 0.961038961038961,
            "model_cost": 77400,
            "base_cost": 1925000,
            "savings": 1847600
        },
        "review_capacity": {
            "threshold": 0.62,
            "tn": 622,
            "fp": 1,
            "fn": 8,
            "tp": 69,
            "precision": 0.9857142857142858,
            "recall": 0.8961038961038961,
            "f1_score": 0.9387755102040817,
            "model_cost": 200800,
            "base_cost": 1925000,
            "savings": 1724200
        }
    },
    "gb": {
        "cost_optimized": {
            "threshold": 0.02,
            "tn": 608,
            "fp": 15,
            "fn": 1,
            "tp": 76,
            "precision": 0.8351648351648352,
            "recall": 0.987012987012987,
            "f1_score": 0.9047619047619049,
            "model_cost": 37000,
            "base_cost": 1925000,
            "savings": 1888000
        },
        "balanced_f1": {
            "threshold": 0.42,
            "tn": 622,
            "fp": 1,
            "fn": 4,
            "tp": 73,
            "precision": 0.9864864864864865,
            "recall": 0.948051948051948,
            "f1_score": 0.9668874172185431,
            "model_cost": 100800,
            "base_cost": 1925000,
            "savings": 1824200
        },
        "high_security": {
            "threshold": 0.081,
            "tn": 619,
            "fp": 4,
            "fn": 3,
            "tp": 74,
            "precision": 0.9487179487179487,
            "recall": 0.961038961038961,
            "f1_score": 0.9548387096774195,
            "model_cost": 78200,
            "base_cost": 1925000,
            "savings": 1846800
        },
        "low_friction": {
            "threshold": 0.098,
            "tn": 620,
            "fp": 3,
            "fn": 4,
            "tp": 73,
            "precision": 0.9605263157894737,
            "recall": 0.948051948051948,
            "f1_score": 0.9542483660130718,
            "model_cost": 102400,
            "base_cost": 1925000,
            "savings": 1822600
        },
        "review_capacity": {
            "threshold": 0.8029648361571535,
            "tn": 622,
            "fp": 1,
            "fn": 8,
            "tp": 69,
            "precision": 0.9857142857142858,
            "recall": 0.8961038961038961,
            "f1_score": 0.9387755102040817,
            "model_cost": 200800,
            "base_cost": 1925000,
            "savings": 1724200
        }
    },
    "lr": {
        "cost_optimized": {
            "threshold": 0.131,
            "tn": 616,
            "fp": 7,
            "fn": 0,
            "tp": 77,
            "precision": 0.9166666666666666,
            "recall": 1.0,
            "f1_score": 0.9565217391304348,
            "model_cost": 5600,
            "base_cost": 1925000,
            "savings": 1919400
        },
        "balanced_f1": {
            "threshold": 0.428,
            "tn": 622,
            "fp": 1,
            "fn": 1,
            "tp": 76,
            "precision": 0.987012987012987,
            "recall": 0.987012987012987,
            "f1_score": 0.987012987012987,
            "model_cost": 25800,
            "base_cost": 1925000,
            "savings": 1899200
        },
        "high_security": {
            "threshold": 0.61,
            "tn": 622,
            "fp": 1,
            "fn": 3,
            "tp": 74,
            "precision": 0.9866666666666667,
            "recall": 0.961038961038961,
            "f1_score": 0.9736842105263157,
            "model_cost": 75800,
            "base_cost": 1925000,
            "savings": 1849200
        },
        "low_friction": {
            "threshold": 0.318,
            "tn": 619,
            "fp": 4,
            "fn": 1,
            "tp": 76,
            "precision": 0.95,
            "recall": 0.987012987012987,
            "f1_score": 0.9681528662420381,
            "model_cost": 28200,
            "base_cost": 1925000,
            "savings": 1896800
        },
        "review_capacity": {
            "threshold": 0.8220610420343691,
            "tn": 622,
            "fp": 1,
            "fn": 8,
            "tp": 69,
            "precision": 0.9857142857142858,
            "recall": 0.8961038961038961,
            "f1_score": 0.9387755102040817,
            "model_cost": 200800,
            "base_cost": 1925000,
            "savings": 1724200
        }
    }
}